product_id,product_name,category,list_price,unit_cost,margin,margin_pct
1001,Brass Chef Knife,Kitchen,61.99,38.13,23.86,0.3849007904500726
1002,Walnut Cutting Board,Kitchen,138.99,74.76,64.23,0.4621195769479819
1003,Matte Black Dutch Oven,Kitchen,22.99,13.5,9.489999999999998,0.41278816876902996
1004,Classic Skillet,Kitchen,75.99,39.86,36.129999999999995,0.4754572970127648
1005,Linen Mixing Bowl Set,Kitchen,79.99,41.11,38.879999999999995,0.4860607575946993
1006,Walnut Coffee Grinder,Kitchen,16.99,9.74,7.249999999999998,0.42672160094173034
1007,Modern Spice Rack,Kitchen,71.99,37.72,34.269999999999996,0.47603833865814693
1008,Matte Black Utensil Set,Kitchen,43.99,19.06,24.930000000000003,0.5667197090247784
1009,Brass Baking Sheet,Kitchen,131.99,76.08,55.91000000000001,0.42359269641639524
1010,Marble Tea Kettle,Kitchen,96.99,42.68,54.309999999999995,0.5599546344984019
1011,Brass Salad Spinner,Kitchen,34.99,16.5,18.490000000000002,0.528436696198914
1012,Ceramic Knife Block,Kitchen,109.99,54.18,55.809999999999995,0.5074097645240476
1013,Cotton Pour Over Kettle,Kitchen,124.99,61.7,63.28999999999999,0.5063605088407073
1014,Matte Black Stock Pot,Kitchen,36.99,18.86,18.130000000000003,0.49013246823465806
1015,Oak Measuring Cup Set,Kitchen,96.99,59.54,37.449999999999996,0.38612228064748944
1016,Linen Duvet Cover,Bedding,180.99,89.88,91.11000000000001,0.5033979777888281
1017,Classic Sheet Set,Bedding,86.99,40.1,46.88999999999999,0.5390274744223473
1018,Ceramic Quilt,Bedding,212.99,104.1,108.89000000000001,0.5112446593736796
1019,Classic Pillow Pair,Bedding,77.99,35.14,42.849999999999994,0.5494294140274394
1020,Coastal Weighted Blanket,Bedding,54.99,32.96,22.03,0.40061829423531553
1021,Velvet Mattress Topper,Bedding,123.99,55.52,68.47,0.5522219533833373
1022,Oak Throw Blanket,Bedding,88.99,49.1,39.88999999999999,0.44825261265310706
1023,Linen Pillowcase Set,Bedding,135.99,60.49,75.5,0.5551878814618721
1024,Walnut Comforter,Bedding,59.99,32.62,27.370000000000005,0.45624270711785303
1025,Bamboo Bed Skirt,Bedding,166.99,72.32,94.67000000000002,0.5669201748607702
1026,Cotton Linen Sheet Set,Bedding,161.99,87.76,74.23,0.4582381628495586
1027,Walnut Down Pillow,Bedding,90.99,43.05,47.94,0.5268710847345862
1028,Brass Towel Set,Bath,77.99,38.08,39.91,0.5117322733683806
1029,Cotton Bath Mat,Bath,30.99,13.2,17.79,0.57405614714424
1030,Matte Black Shower Curtain,Bath,7.99,4.76,3.2300000000000004,0.4042553191489362
1031,Stoneware Soap Dispenser,Bath,38.99,20.19,18.8,0.48217491664529366
1032,Linen Bath Robe,Bath,81.99,49.73,32.26,0.39346261739236493
1033,Walnut Hand Towel Pair,Bath,85.99,52.96,33.029999999999994,0.3841144319106872
1034,Nordic Toothbrush Holder,Bath,68.99,30.44,38.55,0.5587766342948254
1035,Modern Bath Caddy,Bath,51.99,23.42,28.57,0.5495287555299095
1036,Cotton Hamper,Bath,58.99,35.22,23.770000000000003,0.4029496524834718
1037,Coastal Waffle Towel Set,Bath,28.99,14.3,14.689999999999998,0.506726457399103
1038,Linen Accent Chair,Furniture,313.99,154.25,159.74,0.5087423166342877
1039,Nordic Coffee Table,Furniture,483.99,288.97,195.01999999999998,0.40294220954978405
1040,Marble Bookshelf,Furniture,476.99,272.45,204.54000000000002,0.4288140212583073
1041,Nordic Side Table,Furniture,553.99,246.04,307.95000000000005,0.5558764598638966
1042,Classic Dining Chair Pair,Furniture,773.99,445.47,328.52,0.4244499282936472
1043,Stoneware Bar Stool,Furniture,127.99,57.12,70.87,0.5537151339948434
1044,Bamboo Nightstand,Furniture,529.99,310.35,219.64,0.41442291363988
1045,Rattan Console Table,Furniture,506.99,296.1,210.89,0.41596481192922935
1046,Nordic Storage Bench,Furniture,142.99,76.3,66.69000000000001,0.46639625148611796
1047,Modern Writing Desk,Furniture,194.99,90.88,104.11000000000001,0.5339248166572645
1048,Linen Loveseat,Furniture,139.99,71.41,68.58000000000001,0.48989213515251095
1049,Linen TV Stand,Furniture,126.99,58.54,68.44999999999999,0.5390188203795574
1050,Nordic Floor Lamp,Lighting,146.99,73.04,73.95,0.5030954486699776
1051,Stoneware Table Lamp,Lighting,53.99,31.73,22.26,0.4122985738099648
1052,Linen Pendant Light,Lighting,208.99,88.63,120.36000000000001,0.575912723096799
1053,Nordic Desk Lamp,Lighting,37.99,18.58,19.410000000000004,0.5109239273493025
1054,Velvet String Lights,Lighting,229.99,100.69,129.3,0.5621983564502805
1055,Oak Wall Sconce,Lighting,200.99,116.27,84.72000000000001,0.4215135081347331
1056,Nordic Arc Lamp,Lighting,239.99,147.53,92.46000000000001,0.38526605275219805
1057,Ceramic Bedside Lamp,Lighting,205.99,119.62,86.37,0.41929219865041994
1058,Velvet LED Strip Kit,Lighting,93.99,53.37,40.62,0.4321736354931376
1059,Cotton Patio Chair,Outdoor,467.99,260.82,207.17000000000002,0.4426803991538281
1060,Coastal Planter Set,Outdoor,134.99,72.75,62.24000000000001,0.46107119045855255
1061,Bamboo Outdoor Rug,Outdoor,45.99,25.53,20.46,0.44487932159165033
1062,Ceramic Fire Pit,Outdoor,152.99,70.3,82.69000000000001,0.5404928426694555
1063,Matte Black Hammock,Outdoor,245.99,111.71,134.28000000000003,0.5458758486117323
1064,Bamboo Garden Hose Reel,Outdoor,153.99,70.21,83.78000000000002,0.5440613026819924
1065,Brass Bistro Set,Outdoor,164.99,91.69,73.30000000000001,0.44426934965755505
1066,Oak Solar Path Lights,Outdoor,171.99,77.32,94.67000000000002,0.5504389790104076
1067,Velvet Outdoor Cushion Pair,Outdoor,34.99,20.21,14.780000000000001,0.42240640182909406
1068,Rattan Grill Tool Set,Outdoor,49.99,22.18,27.810000000000002,0.5563112622524505
1069,Bamboo Umbrella Stand,Outdoor,26.99,13.35,13.639999999999999,0.5053723601333827
1070,Stoneware Wall Mirror,Decor,122.99,51.74,71.25,0.5793153914952436
1071,Oak Vase,Decor,9.99,5.84,4.15,0.41541541541541543
1072,Coastal Picture Frame Set,Decor,141.99,62.78,79.21000000000001,0.5578561870554265
1073,Rattan Candle Trio,Decor,69.99,40.8,29.189999999999998,0.41705957993999143
1074,Nordic Wall Art Print,Decor,19.99,9.52,10.469999999999999,0.5237618809404703
1075,Matte Black Throw Pillow,Decor,50.99,23.39,27.6,0.5412826044322416
1076,Modern Wreath,Decor,138.99,67.46,71.53000000000002,0.5146413411036767
1077,Classic Table Runner,Decor,25.99,14.66,11.329999999999998,0.4359368988072335
1078,Nordic Ornament Set,Decor,85.99,44.64,41.349999999999994,0.4808698685893708
1079,Linen Faux Plant,Decor,61.99,29.61,32.38,0.522342313276335
1080,Classic Garland,Decor,134.99,58.61,76.38000000000001,0.5658196903474332
1081,Classic Decorative Tray,Decor,74.99,45.48,29.509999999999998,0.39351913588478465
1082,Velvet Storage Basket,Storage,104.99,47.56,57.42999999999999,0.5470044766168206
1083,Velvet Drawer Organizer,Storage,19.99,9.51,10.479999999999999,0.5242621310655328
1084,Walnut Shoe Rack,Storage,112.99,49.51,63.48,0.5618196300557572
1085,Coastal Closet System,Storage,115.99,49.45,66.53999999999999,0.573670143977929
1086,Modern Under Bed Bin,Storage,97.99,43.62,54.37,0.5548525359730585
1087,Cotton Pantry Container Set,Storage,45.99,20.3,25.69,0.558599695585997
1088,Coastal Coat Rack,Storage,20.99,12.03,8.959999999999999,0.4268699380657456
1089,Modern Floating Shelf,Storage,53.99,24.22,29.770000000000003,0.5513984071124283
1090,Bamboo Laundry Basket,Storage,17.99,7.79,10.2,0.5669816564758199
